,annotation_sequence,y_CHAIN,y_TRANSMEM,y_MOD_RES,y_ACT_SITE,y_NP_BIND,y_LIPID,y_CARBOHYD,y_DISULFID,y_VARIANT,y_Artifact,y_Peptide,y_Nucleic,y_Inorganic,y_Cofactor,y_Ligand
0,M,True,False,False,False,False,False,False,False,False,False,False,False,False,False,False
1,Y,True,False,False,False,False,False,False,False,False,False,False,False,False,False,False
2,R,True,False,False,False,False,False,False,False,False,False,False,False,False,False,False
3,T,True,False,False,False,False,False,False,False,False,False,False,False,False,False,False
4,K,True,False,False,False,False,False,False,False,False,False,False,False,False,False,False
5,V,True,False,False,False,False,False,False,False,False,False,False,False,False,False,False
6,G,True,False,False,False,False,False,False,False,False,False,False,False,False,False,False
7,L,True,False,False,False,False,False,False,False,False,False,False,False,False,False,False
8,K,True,False,False,False,False,False,False,False,False,False,False,False,False,False,False
9,D,True,False,False,False,False,False,False,False,False,False,False,False,False,False,False
10,R,True,False,False,False,False,False,False,False,False,False,False,False,False,False,False
11,Q,True,False,False,False,False,False,False,False,False,False,False,False,False,False,False
12,Q,True,False,False,False,False,False,False,False,False,False,False,False,False,False,False
13,L,True,False,False,False,False,False,False,False,False,False,False,False,False,False,False
14,Y,True,False,False,False,False,False,False,False,False,False,False,False,False,False,False
15,K,True,False,False,False,False,False,False,False,False,False,False,False,False,False,False
16,L,True,False,False,False,False,False,False,False,False,False,False,False,False,False,False
17,I,True,False,False,False,False,False,False,False,False,False,False,False,False,False,False
18,I,True,False,False,False,False,False,False,False,False,False,False,False,False,False,False
19,S,True,False,False,False,False,False,False,False,False,False,False,False,False,False,False
20,Q,True,False,False,False,False,False,False,False,False,False,False,False,False,False,False
21,L,True,False,False,False,False,False,False,False,False,False,False,False,False,False,False
22,L,True,False,False,False,False,False,False,False,False,False,False,False,False,False,False
23,Y,True,False,False,False,False,False,False,False,False,False,False,False,False,False,False
24,D,True,False,False,False,False,False,False,False,False,False,False,False,False,False,False
25,G,True,False,False,False,False,False,False,False,False,False,False,False,False,False,False
26,Y,True,False,False,False,False,False,False,False,False,False,False,False,False,False,False
27,I,True,False,False,False,False,False,False,False,False,False,False,False,False,False,False
28,S,True,False,False,False,False,False,False,False,False,False,False,False,False,False,False
29,I,True,False,False,False,False,False,False,False,False,False,False,False,False,False,False
30,A,True,False,False,False,False,False,False,False,False,False,False,False,False,False,False
31,N,True,False,False,False,False,False,False,False,False,False,False,False,False,False,False
32,G,True,False,False,False,False,False,False,False,False,False,False,False,False,False,False
33,L,True,False,False,False,False,False,False,False,False,False,False,False,False,False,False
34,I,True,False,False,False,False,False,False,False,False,False,False,False,False,False,False
35,N,True,False,False,False,False,False,False,False,False,False,False,False,False,False,False
36,E,True,False,False,False,False,False,False,False,False,False,False,False,False,False,False
37,I,True,False,False,False,False,False,False,False,False,False,False,False,False,False,False
38,K,True,False,False,False,False,False,False,False,False,False,False,False,False,False,False
39,P,True,False,False,False,False,False,False,False,False,False,False,False,False,False,False
40,Q,True,False,False,False,False,False,False,False,False,False,False,False,False,False,False
41,S,True,False,False,False,False,False,False,False,False,False,False,False,False,False,False
42,V,True,False,False,False,False,False,False,False,False,False,False,False,False,False,False
43,C,True,False,False,False,False,False,False,False,False,False,False,False,False,False,False
44,A,True,False,False,False,False,False,False,False,False,False,False,False,False,False,False
45,P,True,False,False,False,False,False,False,False,False,False,False,False,False,False,False
46,S,True,False,False,False,False,False,False,False,False,False,False,False,False,False,False
47,E,True,False,False,False,False,False,False,False,False,False,False,False,False,False,False
48,Q,True,False,False,False,False,False,False,False,False,False,False,False,False,False,False
49,L,True,False,False,False,False,False,False,False,False,False,False,False,False,False,False
50,L,True,False,False,False,False,False,False,False,False,False,False,False,False,False,False
51,H,True,False,False,False,False,False,False,False,False,False,False,False,False,False,False
52,L,True,False,False,False,False,False,False,False,False,False,False,False,False,False,False
53,I,True,False,False,False,False,False,False,False,False,False,False,False,False,False,False
54,K,True,False,False,False,False,False,False,False,False,False,False,False,False,False,False
55,L,True,False,False,False,False,False,False,False,False,False,False,False,False,False,False
56,G,True,False,False,False,False,False,False,False,False,False,False,False,False,False,False
57,M,True,False,False,False,False,False,False,False,False,False,False,False,False,False,False
58,E,True,False,False,False,False,False,False,False,False,False,False,False,False,False,False
59,N,True,False,False,False,False,False,False,False,False,False,False,False,False,False,False
60,D,True,False,False,False,False,False,False,False,False,False,False,False,False,False,False
61,D,True,False,False,False,False,False,False,False,False,False,False,False,False,False,False
62,T,True,False,False,False,False,False,False,False,False,False,False,False,False,False,False
63,A,True,False,False,False,False,False,False,False,False,False,False,False,False,False,False
64,V,True,False,False,False,False,False,False,False,False,False,False,False,False,False,False
65,Q,True,False,False,False,False,False,False,False,False,False,False,False,False,False,False
66,Y,True,False,False,False,False,False,False,False,False,False,False,False,False,False,False
67,A,True,False,False,False,False,False,False,False,False,False,False,False,False,False,False
68,I,True,False,False,False,False,False,False,False,False,False,False,False,False,False,False
69,G,True,False,False,False,False,False,False,False,False,False,False,False,False,False,False
70,R,True,False,False,False,False,False,False,False,False,False,False,False,False,False,False
71,S,True,False,False,False,False,False,False,False,False,False,False,False,False,False,False
72,D,True,False,False,False,False,False,False,False,False,False,False,False,False,False,False
73,T,True,False,False,False,False,False,False,False,False,False,False,False,False,False,False
74,V,True,False,False,False,False,False,False,False,False,False,False,False,False,False,False
75,A,True,False,False,False,False,False,False,False,False,False,False,False,False,False,False
76,P,True,False,False,False,False,False,False,False,False,False,False,False,False,False,False
77,G,True,False,False,False,False,False,False,False,False,False,False,False,False,False,False
78,T,True,False,False,False,False,False,False,False,False,False,False,False,False,False,False
79,G,True,False,False,False,False,False,False,False,False,False,False,False,False,False,False
80,I,True,False,False,False,False,False,False,False,False,False,False,False,False,False,False
81,D,True,False,False,False,False,False,False,False,False,False,False,False,False,False,False
82,L,True,False,False,False,False,False,False,False,False,False,False,False,False,False,False
83,E,True,False,False,False,False,False,False,False,False,False,False,False,False,False,False
84,F,True,False,False,False,False,False,False,False,False,False,False,False,False,False,False
85,D,True,False,False,False,False,False,False,False,False,False,False,False,False,False,False
86,A,True,False,False,False,False,False,False,False,False,False,False,False,False,False,False
87,D,True,False,False,False,False,False,False,False,False,False,False,False,False,False,False
88,V,True,False,False,False,False,False,False,False,False,False,False,False,False,False,False
89,Q,True,False,False,False,False,False,False,False,False,False,False,False,False,False,False
90,T,True,False,False,False,False,False,False,False,False,False,False,False,False,False,False
91,M,True,False,False,False,False,False,False,False,False,False,False,False,False,False,False
92,S,True,False,False,False,False,False,False,False,False,False,False,False,False,False,False
93,P,True,False,False,False,False,False,False,False,False,False,False,False,False,False,False
94,E,True,False,False,False,False,False,False,False,False,False,False,False,False,False,False
95,A,True,False,False,False,False,False,False,False,False,False,False,False,False,False,False
96,S,True,False,False,False,False,False,False,False,False,False,False,False,False,False,False
97,E,True,False,False,False,False,False,False,False,False,False,False,False,False,False,False
98,Y,True,False,False,False,False,False,False,False,False,False,False,False,False,False,False
99,E,True,False,False,False,False,False,False,False,False,False,False,False,False,False,False
100,T,True,False,False,False,False,False,False,False,False,False,False,False,False,False,False
101,C,True,False,False,False,False,False,False,False,False,False,False,False,False,False,False
102,Y,True,False,False,False,False,False,False,False,False,False,False,False,False,False,False
103,V,True,False,False,False,False,False,False,False,False,False,False,False,False,False,False
104,T,True,False,False,False,False,False,False,False,False,False,False,False,False,False,False
105,S,True,False,False,False,False,False,False,False,False,False,False,False,False,False,False
106,H,True,False,False,False,False,False,False,False,False,False,False,False,False,False,False
107,K,True,False,False,False,False,False,False,False,False,False,False,False,False,False,False
108,G,True,False,False,False,False,False,False,False,False,False,False,False,False,False,False
109,P,True,False,False,False,False,False,False,False,False,False,False,False,False,False,False
110,C,True,False,False,False,False,False,False,False,False,False,False,False,False,False,False
111,R,True,False,False,False,False,False,False,False,False,False,False,False,False,False,False
112,V,True,False,False,False,False,False,False,False,False,False,False,False,False,False,False
113,A,True,False,False,False,False,False,False,False,False,False,False,False,False,False,False
114,T,True,False,False,False,False,False,False,False,False,False,False,False,False,False,False
115,Y,True,False,False,False,False,False,False,False,False,False,False,False,False,False,False
116,S,True,False,False,False,False,False,False,False,False,False,False,False,False,False,False
117,R,True,False,False,False,False,False,False,False,False,False,False,False,False,False,False
118,D,True,False,False,False,False,False,False,False,False,False,False,False,False,False,False
119,G,True,False,False,False,False,False,False,False,False,False,False,False,False,False,False
120,Q,True,False,False,False,False,False,False,False,False,False,False,False,False,False,False
121,L,True,False,False,False,False,False,False,False,False,False,False,False,False,False,False
122,I,True,False,False,False,False,False,False,False,False,False,False,False,False,False,False
123,A,True,False,False,False,False,False,False,False,False,False,False,False,False,False,False
124,T,True,False,False,False,False,False,False,False,False,False,False,False,False,False,False
125,G,True,False,False,False,False,False,False,False,False,False,False,False,False,False,False
126,S,True,False,False,False,False,False,False,False,False,False,False,False,False,False,False
127,A,True,False,False,False,False,False,False,False,False,False,False,False,False,False,False
128,D,True,False,False,False,False,False,False,False,False,False,False,False,False,False,False
129,A,True,False,False,False,False,False,False,False,False,False,False,False,False,False,False
130,S,True,False,False,False,False,False,False,False,False,False,False,False,False,False,False
131,I,True,False,False,False,False,False,False,False,False,False,False,False,False,False,False
132,K,True,False,False,False,False,False,False,False,False,False,False,False,False,False,False
133,I,True,False,False,False,False,False,False,False,False,False,False,False,False,False,False
134,L,True,False,False,False,False,False,False,False,False,False,False,False,False,False,False
135,D,True,False,False,False,False,False,False,False,False,False,False,False,False,False,False
136,T,True,False,False,False,False,False,False,False,False,False,False,False,False,False,False
137,E,True,False,False,False,False,False,False,False,False,False,False,False,False,False,False
138,R,True,False,False,False,False,False,False,False,False,False,False,False,False,False,False
139,M,True,False,False,False,False,False,False,False,False,False,False,False,False,False,False
140,L,True,False,False,False,False,False,False,False,False,False,False,False,False,False,False
141,A,True,False,False,False,False,False,False,False,False,False,False,False,False,False,False
142,K,True,False,False,False,False,False,False,False,False,False,False,False,False,False,False
143,S,True,False,False,False,False,False,False,False,False,False,False,False,False,False,False
144,A,True,False,False,False,False,False,False,False,False,False,False,False,False,False,False
145,M,True,False,False,False,False,False,False,False,False,False,False,False,False,False,False
146,P,True,False,False,False,False,False,False,False,False,False,False,False,False,False,False
147,I,True,False,False,False,False,False,False,False,False,False,False,False,False,False,False
148,E,True,False,False,False,False,False,False,False,False,False,False,False,False,False,False
149,V,True,False,False,False,False,False,False,False,False,False,False,False,False,False,False
150,M,True,False,False,False,False,False,False,False,False,False,False,False,False,False,False
151,M,True,False,False,False,False,False,False,False,False,False,False,False,False,False,False
152,N,True,False,False,False,False,False,False,False,False,False,False,False,False,False,False
153,E,True,False,False,False,False,False,False,False,False,False,False,False,False,False,False
154,T,True,False,False,False,False,False,False,False,False,False,False,False,False,False,False
155,A,True,False,False,False,False,False,False,False,False,False,False,False,False,False,False
156,Q,True,False,False,False,False,False,False,False,False,False,False,False,False,False,False
157,Q,True,False,False,False,False,False,False,False,False,False,False,False,False,False,False
158,N,True,False,False,False,False,False,False,False,False,False,False,False,False,False,False
159,M,True,False,False,False,False,False,False,False,False,False,False,False,False,False,False
160,E,True,False,False,False,False,False,False,False,False,False,False,False,False,False,False
161,N,True,False,False,False,False,False,False,False,False,False,False,False,False,False,False
162,H,True,False,False,False,False,False,False,False,False,False,False,False,False,False,False
163,P,True,False,False,False,False,False,False,False,False,False,False,False,False,False,False
164,V,True,False,False,False,False,False,False,False,False,False,False,False,False,False,False
165,I,True,False,False,False,False,False,False,False,False,False,False,False,False,False,False
166,R,True,False,False,False,False,False,False,False,False,False,False,False,False,False,False
167,T,True,False,False,False,False,False,False,False,False,False,False,False,False,False,False
168,L,True,False,False,False,False,False,False,False,False,False,False,False,False,False,False
169,Y,True,False,False,False,False,False,False,False,False,False,False,False,False,False,False
170,D,True,False,False,False,False,False,False,False,False,False,False,False,False,False,False
171,H,True,False,False,False,False,False,False,False,False,False,False,False,False,False,False
172,V,True,False,False,False,False,False,False,False,False,False,False,False,False,False,False
173,D,True,False,False,False,False,False,False,False,False,False,False,False,False,False,False
174,E,True,False,False,False,False,False,False,False,False,False,False,False,False,False,False
175,V,True,False,False,False,False,False,False,False,False,False,False,False,False,False,False
176,T,True,False,False,False,False,False,False,False,False,False,False,False,False,False,False
177,C,True,False,False,False,False,False,False,False,False,False,False,False,False,False,False
178,L,True,False,False,False,False,False,False,False,False,False,False,False,False,False,False
179,A,True,False,False,False,False,False,False,False,False,False,False,False,False,False,False
180,F,True,False,False,False,False,False,False,False,False,False,False,False,False,False,False
181,H,True,False,False,False,False,False,False,False,False,False,False,False,False,False,False
182,P,True,False,False,False,False,False,False,False,False,False,False,False,False,False,False
183,T,True,False,False,False,False,False,False,False,False,False,False,False,False,False,False
184,E,True,False,False,False,False,False,False,False,False,False,False,False,False,False,False
185,Q,True,False,False,False,False,False,False,False,False,False,False,False,False,False,False
186,I,True,False,False,False,False,False,False,False,False,False,False,False,False,False,False
187,L,True,False,False,False,False,False,False,False,False,False,False,False,False,False,False
188,A,True,False,False,False,False,False,False,False,False,False,False,False,False,False,False
189,S,True,False,False,False,False,False,False,False,False,False,False,False,False,False,False
190,G,True,False,False,False,False,False,False,False,False,False,False,False,False,False,False
191,S,True,False,False,False,False,False,False,False,False,False,False,False,False,False,False
192,R,True,False,False,False,False,False,False,False,False,False,False,False,False,False,False
193,D,True,False,False,False,False,False,False,False,False,False,False,False,False,False,False
194,Y,True,False,False,False,False,False,False,False,False,False,False,False,False,False,False
195,T,True,False,False,False,False,False,False,False,False,False,False,False,False,False,False
196,L,True,False,False,False,False,False,False,False,False,False,False,False,False,False,False
197,K,True,False,False,False,False,False,False,False,False,False,False,False,False,False,False
198,L,True,False,False,False,False,False,False,False,False,False,False,False,False,False,False
199,F,True,False,False,False,False,False,False,False,False,False,False,False,False,False,False
200,D,True,False,False,False,False,False,False,False,False,False,False,False,False,False,False
201,Y,True,False,False,False,False,False,False,False,False,False,False,False,False,False,False
202,S,True,False,False,False,False,False,False,False,False,False,False,False,False,False,False
203,K,True,False,False,False,False,False,False,False,False,False,False,False,False,False,False
204,P,True,False,False,False,False,False,False,False,False,False,False,False,False,False,False
205,S,True,False,False,False,False,False,False,False,False,False,False,False,False,False,False
206,A,True,False,False,False,False,False,False,False,False,False,False,False,False,False,False
207,K,True,False,False,False,False,False,False,False,False,False,False,False,False,False,False
208,R,True,False,False,False,False,False,False,False,False,False,False,False,False,False,False
209,A,True,False,False,False,False,False,False,False,False,False,False,False,False,False,False
210,F,True,False,False,False,False,False,False,False,False,False,False,False,False,False,False
211,K,True,False,False,False,False,False,False,False,False,False,False,False,False,False,False
212,Y,True,False,False,False,False,False,False,False,False,False,False,False,False,False,False
213,I,True,False,False,False,False,False,False,False,False,False,False,False,False,False,False
214,Q,True,False,False,False,False,False,False,False,False,False,False,False,False,False,False
215,E,True,False,False,False,False,False,False,False,False,False,True,False,False,False,False
216,A,True,False,False,False,False,False,False,False,False,False,True,False,False,False,False
217,E,True,False,False,False,False,False,False,False,False,False,False,False,False,False,False
218,M,True,False,False,False,False,False,False,False,False,False,False,False,False,False,False
219,L,True,False,False,False,False,False,False,False,False,False,False,False,False,False,False
220,R,True,False,False,False,False,False,False,False,False,False,False,False,False,False,False
221,S,True,False,False,False,False,False,False,False,False,False,False,False,False,False,False
222,I,True,False,False,False,False,False,False,False,False,False,False,False,False,False,False
223,S,True,False,False,False,False,False,False,False,False,False,False,False,False,False,False
224,F,True,False,False,False,False,False,False,False,False,False,False,False,False,False,False
225,H,True,False,False,False,False,False,False,False,False,False,True,False,False,False,False
226,P,True,False,False,False,False,False,False,False,False,False,True,False,False,False,False
227,S,True,False,False,False,False,False,False,False,False,False,False,False,False,False,False
228,G,True,False,False,False,False,False,False,False,False,False,False,False,False,False,False
229,D,True,False,False,False,False,False,False,False,False,False,True,False,False,False,False
230,F,True,False,False,False,False,False,False,False,False,False,True,False,False,False,False
231,I,True,False,False,False,False,False,False,False,False,False,False,False,False,False,False
232,L,True,False,False,False,False,False,False,False,False,False,False,False,False,False,False
233,V,True,False,False,False,False,False,False,False,False,False,False,False,False,False,False
234,G,True,False,False,False,False,False,False,False,False,False,False,False,False,False,False
235,T,True,False,False,False,False,False,False,False,False,False,False,False,False,False,False
236,Q,True,False,False,False,False,False,False,False,False,False,False,False,False,False,False
237,H,True,False,False,False,False,False,False,False,False,False,False,False,False,False,False
238,P,True,False,False,False,False,False,False,False,False,False,False,False,False,False,False
239,T,True,False,False,False,False,False,False,False,False,False,False,False,False,False,False
240,L,True,False,False,False,False,False,False,False,False,False,False,False,False,False,False
241,R,True,False,False,False,False,False,False,False,False,False,True,False,False,False,False
242,L,True,False,False,False,False,False,False,False,False,False,True,False,False,False,False
243,Y,True,False,False,False,False,False,False,False,False,False,True,False,False,False,False
244,D,True,False,False,False,False,False,False,False,False,False,False,False,False,False,False
245,I,True,False,False,False,False,False,False,False,False,False,False,False,False,False,False
246,N,True,False,False,False,False,False,False,False,False,False,False,False,False,False,False
247,T,True,False,False,False,False,False,False,False,False,False,False,False,False,False,False
248,F,True,False,False,False,False,False,False,False,False,False,False,False,False,False,False
249,Q,True,False,False,False,False,False,False,False,False,False,False,False,False,False,False
250,C,True,False,False,False,False,False,False,False,False,False,True,False,False,False,False
251,F,True,False,False,False,False,False,False,False,False,False,True,False,False,False,False
252,V,True,False,False,False,False,False,False,False,False,False,True,False,False,False,False
253,S,True,False,False,False,False,False,False,False,False,False,False,False,False,False,False
254,C,True,False,False,False,False,False,False,False,False,False,False,False,False,False,False
255,N,True,False,False,False,False,False,False,False,False,False,False,False,False,False,False
256,P,True,False,False,False,False,False,False,False,False,False,False,False,False,False,False
257,Q,True,False,False,False,False,False,False,False,False,False,False,False,False,False,False
258,D,True,False,False,False,False,False,False,False,False,False,False,False,False,False,False
259,Q,True,False,False,False,False,False,False,False,False,False,False,False,False,False,False
260,H,True,False,False,False,False,False,False,False,False,False,False,False,False,False,False
261,T,True,False,False,False,False,False,False,False,False,False,False,False,False,False,False
262,D,True,False,False,False,False,False,False,False,False,False,False,False,False,False,False
263,A,True,False,False,False,False,False,False,False,False,False,False,False,False,False,False
264,I,True,False,False,False,False,False,False,False,False,False,False,False,False,False,False
265,C,True,False,False,False,False,False,False,False,False,False,False,False,False,False,False
266,S,True,False,False,False,False,False,False,False,False,False,False,False,False,False,False
267,V,True,False,False,False,False,False,False,False,False,False,False,False,False,False,False
268,N,True,False,False,False,False,False,False,False,False,False,False,False,False,False,False
269,Y,True,False,False,False,False,False,False,False,False,False,False,False,False,False,False
270,N,True,False,False,False,False,False,False,False,False,False,False,False,False,False,False
271,S,True,False,False,False,False,False,False,False,False,False,True,False,False,False,False
272,S,True,False,False,False,False,False,False,False,False,False,True,False,False,False,False
273,A,True,False,False,False,False,False,False,False,False,False,False,False,False,False,False
274,N,True,False,False,False,False,False,False,False,False,False,False,False,False,False,False
275,M,True,False,False,False,False,False,False,False,False,False,False,False,False,False,False
276,Y,True,False,False,False,False,False,False,False,False,False,False,False,False,False,False
277,V,True,False,False,False,False,False,False,False,False,False,False,False,False,False,False
278,T,True,False,False,False,False,False,False,False,False,False,False,False,False,False,False
279,G,True,False,False,False,False,False,False,False,False,False,False,False,False,False,False
280,S,True,False,False,False,False,False,False,False,False,False,False,False,False,False,False
281,K,True,False,False,False,False,False,False,False,False,False,False,False,False,False,False
282,D,True,False,False,False,False,False,False,False,False,False,False,False,False,False,False
283,G,True,False,False,False,False,False,False,False,False,False,False,False,False,False,False
284,C,True,False,False,False,False,False,False,False,False,False,False,False,False,False,False
285,I,True,False,False,False,False,False,False,False,False,False,False,False,False,False,False
286,K,True,False,False,False,False,False,False,False,False,False,False,False,False,False,False
287,L,True,False,False,False,False,False,False,False,False,False,False,False,False,False,False
288,W,True,False,False,False,False,False,False,False,False,False,False,False,False,False,False
289,D,True,False,False,False,False,False,False,False,False,False,False,False,False,False,False
290,G,True,False,False,False,False,False,False,False,False,False,True,False,False,False,False
291,V,True,False,False,False,False,False,False,False,False,False,True,False,False,False,False
292,S,True,False,False,False,False,False,False,False,False,False,True,False,False,False,False
293,N,True,False,False,False,False,False,False,False,False,False,True,False,False,False,False
294,R,True,False,False,False,False,False,False,False,False,False,False,False,False,False,False
295,C,True,False,False,False,False,False,False,False,False,False,False,False,False,False,False
296,I,True,False,False,False,False,False,False,False,False,False,False,False,False,False,False
297,T,True,False,False,False,False,False,False,False,False,False,False,False,False,False,False
298,T,True,False,False,False,False,False,False,False,False,False,False,False,False,False,False
299,F,True,False,False,False,False,False,False,False,False,False,False,False,False,False,False
300,E,True,False,False,False,False,False,False,False,False,False,False,False,False,False,False
301,K,True,False,False,False,False,False,False,False,False,False,False,False,False,False,False
302,A,True,False,False,False,False,False,False,False,False,False,False,False,False,False,False
303,H,True,False,False,False,False,False,False,False,False,False,False,False,False,False,False
304,D,True,False,False,False,False,False,False,False,False,False,False,False,False,False,False
305,G,True,False,False,False,False,False,False,False,False,False,False,False,False,False,False
306,A,True,False,False,False,False,False,False,False,False,False,False,False,False,False,False
307,E,True,False,False,False,False,False,False,False,False,False,False,False,False,False,False
308,V,True,False,False,False,False,False,False,False,False,False,False,False,False,False,False
309,C,True,False,False,False,False,False,False,False,False,False,False,False,False,False,False
310,S,True,False,False,False,False,False,False,False,False,False,False,False,False,False,False
311,A,True,False,False,False,False,False,False,False,False,False,False,False,False,False,False
312,I,True,False,False,False,False,False,False,False,False,False,False,False,False,False,False
313,F,True,False,False,False,False,False,False,False,False,False,False,False,False,False,False
314,S,True,False,False,False,False,False,False,False,False,False,False,False,False,False,False
315,K,True,False,False,False,False,False,False,False,False,False,False,False,False,False,False
316,N,True,False,False,False,False,False,False,False,False,False,False,False,False,False,False
317,S,True,False,False,False,False,False,False,False,False,False,False,False,False,False,False
318,K,True,False,False,False,False,False,False,False,False,False,False,False,False,False,False
319,Y,True,False,False,False,False,False,False,False,False,False,False,False,False,False,False
320,I,True,False,False,False,False,False,False,False,False,False,False,False,False,False,False
321,L,True,False,False,False,False,False,False,False,False,False,False,False,False,False,False
322,S,True,False,False,False,False,False,False,False,False,False,False,False,False,False,False
323,S,True,False,False,False,False,False,False,False,False,False,False,False,False,False,False
324,G,True,False,False,False,False,False,False,False,False,False,False,False,False,False,False
325,K,True,False,False,False,False,False,False,False,False,False,False,False,False,False,False
326,D,True,False,False,False,False,False,False,False,False,False,False,False,False,False,False
327,S,True,False,False,False,False,False,False,False,False,False,False,False,False,False,False
328,V,True,False,False,False,False,False,False,False,False,False,False,False,False,False,False
329,A,True,False,False,False,False,False,False,False,False,False,False,False,False,False,False
330,K,True,False,False,False,False,False,False,False,False,False,False,False,False,False,False
331,L,True,False,False,False,False,False,False,False,False,False,False,False,False,False,False
332,W,True,False,False,False,False,False,False,False,False,False,False,False,False,False,False
333,E,True,False,False,False,False,False,False,False,False,False,False,False,False,False,False
334,I,True,False,False,False,False,False,False,False,False,False,False,False,False,False,False
335,S,True,False,False,False,False,False,False,False,False,False,False,False,False,False,False
336,T,True,False,False,False,False,False,False,False,False,False,False,False,False,False,False
337,G,True,False,False,False,False,False,False,False,False,False,False,False,False,False,False
338,R,True,False,False,False,False,False,False,False,False,False,False,False,False,False,False
339,T,True,False,False,False,False,False,False,False,False,False,False,False,False,False,False
340,L,True,False,False,False,False,False,False,False,False,False,False,False,False,False,False
341,V,True,False,False,False,False,False,False,False,False,False,False,False,False,False,False
342,R,True,False,False,False,False,False,False,False,False,False,False,False,False,False,False
343,Y,True,False,False,False,False,False,False,False,False,False,False,False,False,False,False
344,T,True,False,False,False,False,False,False,False,False,False,False,False,False,False,False
345,G,True,False,False,False,False,False,False,False,False,False,False,False,False,False,False
346,A,True,False,False,False,False,False,False,False,False,False,False,False,False,False,False
347,G,True,False,False,False,False,False,False,False,False,False,False,False,False,False,False
348,L,True,False,False,False,False,False,False,False,False,False,False,False,False,False,False
349,S,True,False,False,False,False,False,False,False,False,False,False,False,False,False,False
350,G,True,False,False,False,False,False,False,False,False,False,False,False,False,False,False
351,R,True,False,False,False,False,False,False,False,False,False,False,False,False,False,False
352,Q,True,False,False,False,False,False,False,False,False,False,False,False,False,False,False
353,V,True,False,False,False,False,False,False,False,False,False,False,False,False,False,False
354,H,True,False,False,False,False,False,False,False,False,False,False,False,False,False,False
355,R,True,False,False,False,False,False,False,False,False,False,False,False,False,False,False
356,T,True,False,False,False,False,False,False,False,False,False,False,False,False,False,False
357,Q,True,False,False,False,False,False,False,False,False,False,False,False,False,False,False
358,A,True,False,False,False,False,False,False,False,False,False,False,False,False,False,False
359,V,True,False,False,False,False,False,False,False,False,False,False,False,False,False,False
360,F,True,False,False,False,False,False,False,False,False,False,False,False,False,False,False
361,N,True,False,False,False,False,False,False,False,False,False,False,False,False,False,False
362,H,True,False,False,False,False,False,False,False,False,False,False,False,False,False,False
363,T,True,False,False,False,False,False,False,False,False,False,False,False,False,False,False
364,E,True,False,False,False,False,False,False,False,False,False,False,False,False,False,False
365,D,True,False,False,False,False,False,False,False,False,False,False,False,False,False,False
366,Y,True,False,False,False,False,False,False,False,False,False,False,False,False,False,False
367,V,True,False,False,False,False,False,False,False,False,False,False,False,False,False,False
368,L,True,False,False,False,False,False,False,False,False,False,False,False,False,False,False
369,L,True,False,False,False,False,False,False,False,False,False,False,False,False,False,False
370,P,True,False,False,False,False,False,False,False,False,False,False,False,False,False,False
371,D,True,False,False,False,False,False,False,False,False,False,False,False,False,False,False
372,E,True,False,False,False,False,False,False,False,False,False,False,False,False,False,False
373,R,True,False,False,False,False,False,False,False,False,False,False,False,False,False,False
374,T,True,False,False,False,False,False,False,False,False,False,False,False,False,False,False
375,I,True,False,False,False,False,False,False,False,False,False,False,False,False,False,False
376,S,True,False,False,False,False,False,False,False,False,False,False,False,False,False,False
377,L,True,False,False,False,False,False,False,False,False,False,False,False,False,False,False
378,C,True,False,False,False,False,False,False,False,False,False,False,False,False,False,False
379,C,True,False,False,False,False,False,False,False,False,False,False,False,False,False,False
380,W,True,False,False,False,False,False,False,False,False,False,False,False,False,False,False
381,D,True,False,False,False,False,False,False,False,False,False,False,False,False,False,False
382,S,True,False,False,False,False,False,False,False,False,False,False,False,False,False,False
383,R,True,False,False,False,False,False,False,False,False,False,False,False,False,False,False
384,T,True,False,False,False,False,False,False,False,False,False,False,False,False,False,False
385,A,True,False,False,False,False,False,False,False,False,False,False,False,False,False,False
386,E,True,False,False,False,False,False,False,False,False,False,False,False,False,False,False
387,R,True,False,False,False,False,False,False,False,False,False,False,False,False,False,False
388,R,True,False,False,False,False,False,False,False,False,False,False,False,False,False,False
389,N,True,False,False,False,False,False,False,False,False,False,False,False,False,False,False
390,L,True,False,False,False,False,False,False,False,False,False,False,False,False,False,False
391,L,True,False,False,False,False,False,False,False,False,False,False,False,False,False,False
392,S,True,False,False,False,False,False,False,False,False,False,False,False,False,False,False
393,L,True,False,False,False,False,False,False,False,False,False,False,False,False,False,False
394,G,True,False,False,False,False,False,False,False,False,False,False,False,False,False,False
395,H,True,False,False,False,False,False,False,False,False,False,False,False,False,False,False
396,N,True,False,False,False,False,False,False,False,False,False,False,False,False,False,False
397,N,True,False,False,False,False,False,False,False,False,False,False,False,False,False,False
398,I,True,False,False,False,False,False,False,False,False,False,False,False,False,False,False
399,V,True,False,False,False,False,False,False,False,False,False,False,False,False,False,False
400,R,True,False,False,False,False,False,False,False,False,False,False,False,False,False,False
401,C,True,False,False,False,False,False,False,False,False,False,False,False,False,False,False
402,I,True,False,False,False,False,False,False,False,False,False,False,False,False,False,False
403,V,True,False,False,False,False,False,False,False,False,False,False,False,False,False,False
404,H,True,False,False,False,False,False,False,False,False,False,False,False,False,False,False
405,S,True,False,False,False,False,False,False,False,False,False,False,False,False,False,False
406,P,True,False,False,False,False,False,False,False,False,False,False,False,False,False,False
407,T,True,False,False,False,False,False,False,False,False,False,False,False,False,False,False
408,N,True,False,False,False,False,False,False,False,False,False,False,False,False,False,False
409,P,True,False,False,False,False,False,False,False,False,False,False,False,False,False,False
410,G,True,False,False,False,False,False,False,False,False,False,False,False,False,False,False
411,F,True,False,False,False,False,False,False,False,False,False,False,False,False,False,False
412,M,True,False,False,False,False,False,False,False,False,False,False,False,False,False,False
413,T,True,False,False,False,False,False,False,False,False,False,False,False,False,False,False
414,C,True,False,False,False,False,False,False,False,False,False,False,False,False,False,False
415,S,True,False,False,False,False,False,False,False,False,False,False,False,False,False,False
416,D,True,False,False,False,False,False,False,False,False,False,False,False,False,False,False
417,D,True,False,False,False,False,False,False,False,False,False,False,False,False,False,False
418,F,True,False,False,False,False,False,False,False,False,False,False,False,False,False,False
419,R,True,False,False,False,False,False,False,False,False,False,False,False,False,False,False
420,A,True,False,False,False,False,False,False,False,False,False,False,False,False,False,False
421,R,True,False,False,False,False,False,False,False,False,False,False,False,False,False,False
422,F,True,False,False,False,False,False,False,False,False,False,False,False,False,False,False
423,W,True,False,False,False,False,False,False,False,False,False,False,False,False,False,False
424,Y,True,False,False,False,False,False,False,False,False,False,False,False,False,False,False
425,R,True,False,False,False,False,False,False,False,False,False,False,False,False,False,False
426,R,True,False,False,False,False,False,False,False,False,False,False,False,False,False,False
427,S,True,False,False,False,False,False,False,False,False,False,False,False,False,False,False
428,T,True,False,False,False,False,False,False,False,False,False,False,False,False,False,False
429,T,True,False,False,False,False,False,False,False,False,False,False,False,False,False,False
430,D,True,False,False,False,False,False,False,False,False,False,False,False,False,False,False
