,annotation_sequence,feat_A,feat_C,feat_D,feat_E,feat_F,feat_G,feat_H,feat_I,feat_K,feat_L,feat_M,feat_N,feat_P,feat_Q,feat_R,feat_S,feat_T,feat_V,feat_W,feat_Y,annotation_atomrec,feat_PHI,feat_PSI,feat_TAU,feat_THETA,feat_BBSASA,feat_SCSASA,feat_pLDDT,feat_DSSP_H,feat_DSSP_B,feat_DSSP_E,feat_DSSP_G,feat_DSSP_I,feat_DSSP_T,feat_DSSP_S,feat_DSSP_6,feat_DSSP_7,feat_DSSP_8,feat_DSSP_9,feat_DSSP_10,feat_DSSP_11,feat_DSSP_12,feat_DSSP_13,coord_X,coord_Y,coord_Z
0,M,False,False,False,False,False,False,False,False,False,False,True,False,False,False,False,False,False,False,False,False,M,0.0,2.470534383199311,-2.2727615268895818,2.0058364478431057,75.26780750789521,148.36797473960107,73.75,False,False,False,False,False,False,False,0,0.0,2,-0.2,0,0.0,0,0.0,-0.968999981880188,18.256999969482422,19.843000411987305
1,A,True,False,False,False,False,False,False,False,False,False,False,False,False,False,False,False,False,False,False,False,A,-1.1392382267382195,2.458566450857731,-2.924221753236288,1.9991563741519869,35.71204301871559,15.140171042728895,88.73,False,False,False,False,False,False,False,23,-0.1,2,-0.4,1,-0.0,22,-0.2,-1.2549999952316284,15.076000213623047,17.764999389648438
2,T,False,False,False,False,False,False,False,False,False,False,False,False,False,False,False,False,True,False,False,False,T,-1.530081866930531,2.4194794039302665,3.118713262159556,2.3548748611660173,3.4858811053653067,51.134743987713705,96.25,False,False,True,False,False,False,False,20,-2.5,20,-2.7,-2,-0.2,2,-0.3,-0.24899999797344208,15.454000473022461,14.086000442504883
3,K,False,False,False,False,False,False,False,False,True,False,False,False,False,False,False,False,False,False,False,False,K,-2.246566571707953,2.5874362476499657,-2.7574409138339426,2.3751036622990607,5.347334152483797,77.38161462752386,98.44,False,False,True,False,False,False,False,-2,-0.4,2,-0.3,18,-0.2,18,-0.2,-2.796999931335449,14.069999694824219,11.592000007629395
4,A,True,False,False,False,False,False,False,False,False,False,False,False,False,False,False,False,False,False,False,False,A,-2.4292435045487912,2.8439127352052296,-2.8616681438992653,2.36476812158974,3.0037386756520568,0.0,98.72,False,False,True,False,False,False,False,16,-2.2,16,-2.8,-2,-0.3,2,-0.3,-2.765000104904175,13.305000305175781,7.890999794006348
5,V,False,False,False,False,False,False,False,False,False,False,False,False,False,False,False,False,False,True,False,False,V,-2.4739043759140946,2.550892088339441,-2.7107529127361225,2.2155588761088305,3.3808932386358883,45.46498031459838,98.86,False,False,True,False,False,False,False,145,-2.5,145,-2.8,-2,-0.3,2,-0.4,-5.242000102996826,11.869999885559082,5.35099983215332
6,C,False,True,False,False,False,False,False,False,False,False,False,False,False,False,False,False,False,False,False,False,C,-2.2822311194086495,2.2843251500177435,-2.60639063180228,1.8914943248029894,0.0,0.0,98.92,False,False,True,False,False,False,False,12,-2.8,12,-2.7,-2,-0.3,2,-0.6,-4.96999979019165,10.170999526977539,1.9539999961853027
7,V,False,False,False,False,False,False,False,False,False,False,False,False,False,False,False,False,False,True,False,False,V,-1.7888118352626483,1.9659977309321721,2.7530134245799966,2.0697363855344704,15.480134737223198,65.44022826390969,98.85,False,False,True,False,False,False,False,141,-0.5,2,-0.4,-2,-0.4,10,-0.2,-7.7789998054504395,9.65999984741211,-0.5929999947547913
8,L,False,False,False,False,False,False,False,False,False,True,False,False,False,False,False,False,False,False,False,False,L,-1.4876129388130577,2.2435801748424984,2.9216228959485986,2.386716009626944,0.9273560710240207,0.15370519764404644,98.88,False,False,True,False,False,False,False,8,-2.1,8,-2.0,-2,-0.6,2,-0.3,-6.88700008392334,6.659999847412109,-2.7839999198913574
9,K,False,False,False,False,False,False,False,False,True,False,False,False,False,False,False,False,False,False,False,False,K,-2.4930652172391023,2.6794694666480168,-1.4939494430046194,2.4672716728981117,6.38380598927378,133.8007145186858,98.71,False,False,True,False,False,False,False,137,-2.2,137,-2.7,-2,-0.4,2,-0.2,-8.121000289916992,6.610000133514404,-6.428999900817871
10,G,False,False,False,False,False,True,False,False,False,False,False,False,False,False,False,False,False,False,False,False,G,-2.5298509455732976,-2.987738306232389,0.9904489983787519,1.5695118097944312,32.159874521911,0.0,97.09,False,False,False,False,False,False,False,4,-0.8,135,-0.1,2,-0.4,134,-0.1,-7.11299991607666,4.880000114440918,-9.687999725341797
11,D,False,False,True,False,False,False,False,False,False,False,False,False,False,False,False,False,False,False,False,False,D,-1.2601408670605545,-0.43010487999963914,-1.3414020456087627,2.3193674488407408,48.23960190650672,116.72659584514196,95.56,False,False,False,False,False,False,True,-2,-0.2,134,-0.1,133,-0.2,133,-0.1,-8.390999794006348,4.204999923706055,-13.244000434875488
12,G,False,False,False,False,False,True,False,False,False,False,False,False,False,False,False,False,False,False,False,False,G,-1.5754018880683396,-2.833774168949773,2.0847532298085683,1.6088629817258293,46.78958396561638,-7.105427357601002e-15,96.48,False,False,False,False,False,False,True,132,-0.5,-2,-0.4,2,-0.1,132,-0.0,-10.288999557495117,1.1150000095367432,-11.970000267028809
13,P,False,False,False,False,False,False,False,False,False,False,False,False,True,False,False,False,False,False,False,False,P,-1.3184371699506554,-0.22171950889411762,2.5963689019390808,1.9856546653219849,16.6265685032385,74.15536104827335,97.71,False,False,False,False,False,False,True,0,0.0,2,-0.2,0,0.0,25,-0.1,-12.96399974822998,0.6209999918937683,-9.239999771118164
14,V,False,False,False,False,False,False,False,False,False,False,False,False,False,False,False,False,False,True,False,False,V,-1.1631762730467001,2.158071349535801,2.6841907715876494,2.3820469927492165,3.3669508700623725,8.609154065202326,98.71,False,False,False,False,False,False,False,23,-0.3,-4,-0.8,130,-0.2,2,-0.3,-10.342000007629395,0.8460000157356262,-6.422999858856201
15,Q,False,False,False,False,False,False,False,False,False,False,False,False,False,True,False,False,False,False,False,False,Q,-2.6371955278263783,2.6531986450051166,-2.218239243114615,2.6263887843783476,1.525380269096818,82.9924458290954,98.82,False,False,True,False,False,False,False,21,-2.2,21,-3.0,-2,-0.2,2,-0.3,-10.942000389099121,3.7130000591278076,-3.994999885559082
16,G,False,False,False,False,False,True,False,False,False,False,False,False,False,False,False,False,False,False,False,False,G,-2.9105303923968826,2.9535446885578414,-3.020700981724563,2.0873471676923767,10.076850854962128,0.0,98.8,False,False,True,False,False,False,False,-8,-2.0,-8,-2.1,-2,-0.3,2,-0.4,-10.317999839782715,4.376999855041504,-0.29499998688697815
17,I,False,False,False,False,False,False,False,True,False,False,False,False,False,False,False,False,False,False,False,False,I,-2.2487443137237975,2.2103218050342583,-2.7837885097245905,2.1534688260314043,4.850909216884342,85.98841014091559,98.88,False,False,True,False,False,False,False,17,-2.0,17,-1.7,-2,-0.3,2,-0.4,-9.706000328063965,6.791999816894531,2.572999954223633
18,I,False,False,False,False,False,False,False,True,False,False,False,False,False,False,False,False,False,False,False,False,I,-2.148311470038939,2.2801569952184413,-2.7968009974226278,2.2380127655207374,0.0,0.0,98.91,False,False,True,False,False,False,False,-12,-2.7,-12,-2.8,-2,-0.4,2,-0.3,-6.698999881744385,6.275000095367432,4.861999988555908
19,N,False,False,False,False,False,False,False,False,False,False,False,True,False,False,False,False,False,False,False,False,N,-1.9187924793616065,2.59414318913218,-3.131495340436193,2.237215173141291,0.0,46.22339338708849,98.87,False,False,True,False,False,False,False,13,-3.2,13,-2.3,-2,-0.4,2,-0.4,-6.089000225067139,8.321999549865723,8.015000343322754
20,F,False,False,False,False,True,False,False,False,False,False,False,False,False,False,False,False,False,False,False,False,F,-2.2553768287117517,2.3711461861208525,-3.097494984152582,2.2543366066128243,2.0517979523621053,0.033283957189428115,98.83,False,False,True,False,False,False,False,-16,-2.8,-16,-2.2,-2,-0.3,2,-0.4,-2.819999933242798,8.83899974822998,9.890000343322754
21,E,False,False,False,True,False,False,False,False,False,False,False,False,False,False,False,False,False,False,False,False,E,-2.4245759746025572,2.296028669819316,-2.869967414097889,1.9953897006921022,3.5681473378192026,50.91804876637547,98.56,False,False,True,False,False,False,False,9,-2.2,9,-2.8,-2,-0.4,2,-0.5,-2.322999954223633,9.97700023651123,13.513999938964844
22,Q,False,False,False,False,False,False,False,False,False,False,False,False,False,True,False,False,False,False,False,False,Q,-2.1927200722916833,1.9828755359665915,0.2197662404646719,1.6530781843652174,1.8339390683000718,5.334490270374008,98.23,False,False,True,False,False,False,False,-20,-2.7,-20,-2.5,-2,-0.4,7,-0.2,0.9129999876022339,10.539999961853027,15.432999610900879
23,K,False,False,False,False,False,False,False,False,True,False,False,False,False,False,False,False,False,False,False,False,K,-1.2204725616769427,-0.5662749765412157,-1.8340801103710338,2.3038043102468064,21.467739577729215,130.1962328523609,97.03,False,False,False,False,False,False,True,5,-0.6,2,-0.3,-2,-0.5,-1,-0.1,0.4189999997615814,11.545999526977539,19.110000610351562
24,E,False,False,False,True,False,False,False,False,False,False,False,False,False,False,False,False,False,False,False,False,E,-2.558176130475933,2.6463569591981715,0.5917389980123638,1.657708671877978,7.801363483187715,111.85926790481298,94.43,False,False,False,False,False,False,True,4,-0.2,3,-2.1,-23,-0.1,-1,-0.2,4.0289998054504395,12.782999992370605,19.586999893188477
25,S,False,False,False,False,False,False,False,False,False,False,False,False,False,False,False,True,False,False,False,False,S,-1.0149499364582895,-0.44551433827449605,1.7667680400874357,1.687761988764349,24.66695187837753,51.552068405514504,87.53,False,False,False,False,False,True,False,-2,-0.3,82,-0.2,1,-0.3,81,-0.1,6.864999771118164,13.527999877929688,17.062999725341797
26,N,False,False,False,False,False,False,False,False,False,False,False,True,False,False,False,False,False,False,False,False,N,-1.9551546725007385,0.0929629074481833,-1.4074321189440717,2.2282214229398494,42.05675988321243,105.30155396838452,87.13,False,False,False,False,False,True,False,79,-0.1,-1,-0.3,2,-0.1,-3,-0.0,8.878999710083008,10.343000411987305,17.87299919128418
27,G,False,False,False,False,False,True,False,False,False,False,False,False,False,False,False,False,False,False,False,False,G,-1.4825275450618902,2.9436245582674756,-2.1497959645003584,2.1224935909888454,10.563815627530653,0.0,95.2,False,False,False,False,False,False,True,-3,-2.1,2,-0.0,1,-0.2,0,0.0,5.861999988555908,8.074999809265137,18.59000015258789
28,P,False,False,False,False,False,False,False,False,False,False,False,False,True,False,False,False,False,False,False,False,P,-1.1313476362569754,2.6964968570803585,-2.5267254407030473,2.040349780093023,9.552262434762103,47.01390995794915,97.98,False,False,False,False,False,False,False,0,0.0,-5,-0.6,0,0.0,2,-0.5,4.300000190734863,5.459000110626221,16.27400016784668
29,V,False,False,False,False,False,False,False,False,False,False,False,False,False,False,False,False,False,True,False,False,V,-1.7124199728724734,2.158434186175596,-2.911315240265501,1.9376476406085303,0.0,0.0,98.69,False,False,True,False,False,False,False,72,-2.9,72,-2.4,75,-0.2,2,-0.5,1.8769999742507935,6.440999984741211,13.493000030517578
30,K,False,False,False,False,False,False,False,False,True,False,False,False,False,False,False,False,False,False,False,False,K,-1.4315354728837903,2.301784303386008,2.6805675397511877,2.072014115253385,0.0089668465559358,104.50625747651144,98.72,False,False,True,False,False,False,False,-9,-2.8,-9,-2.2,-2,-0.5,2,-0.4,-1.559000015258789,4.810999870300293,13.548999786376953
31,V,False,False,False,False,False,False,False,False,False,False,False,False,False,False,False,False,False,True,False,False,V,-2.1487488784299424,2.1064904406064175,1.5697553208484285,2.5094512195920844,1.9597626134041628,0.16113258966605515,98.89,False,False,True,False,False,False,False,68,-3.1,68,-3.0,-2,-0.5,2,-0.3,-2.825000047683716,4.1570000648498535,10.0
32,W,False,False,False,False,False,False,False,False,False,False,False,False,False,False,False,False,False,False,True,False,W,-2.623645414185874,2.71171918579388,-1.3041052360313576,2.476741004799352,0.0,101.0171746656348,98.9,False,False,True,False,False,False,False,-13,-2.3,-13,-3.2,-2,-0.4,2,-0.3,-6.500999927520752,3.250999927520752,9.50100040435791
33,G,False,False,False,False,False,True,False,False,False,False,False,False,False,False,False,False,False,False,False,False,G,2.7528161582895905,-2.717930870656714,-2.897764557922748,2.377777840266179,19.48543815595178,0.0,98.79,False,False,True,False,False,False,False,64,-1.8,64,-2.2,-2,-0.3,2,-0.3,-9.373000144958496,3.3610000610351562,7.020999908447266
34,S,False,False,False,False,False,False,False,False,False,False,False,False,False,False,False,True,False,False,False,False,S,-2.5245546316131464,2.465371826668577,-2.987695581112561,2.0980672080210443,10.652932955256055,34.947827552292146,98.84,False,False,True,False,False,False,False,-17,-1.7,-17,-2.0,-2,-0.3,2,-0.4,-11.003999710083008,1.3459999561309814,4.243000030517578
35,I,False,False,False,False,False,False,False,True,False,False,False,False,False,False,False,False,False,False,False,False,I,-2.1830695548974886,2.2398729788363623,0.8332720746783285,2.3716493770718703,0.0,0.0029421797450543226,98.87,False,False,True,False,False,False,False,60,-2.0,60,-3.1,-2,-0.3,2,-0.3,-10.194999694824219,0.5040000081062317,0.597000002861023
36,K,False,False,False,False,False,False,False,False,True,False,False,False,False,False,False,False,False,False,False,False,K,-2.127829028272421,2.7964072739166452,2.3168103353642038,1.6433806288299286,1.1079843636855171,104.71782032226936,98.73,False,False,True,False,False,False,False,-21,-3.0,-21,-2.2,-2,-0.4,58,-0.2,-12.89799976348877,-1.0,-1.687000036239624
37,G,False,False,False,False,False,True,False,False,False,False,False,False,False,False,False,False,False,False,False,False,G,1.498028695773349,0.25941270548712686,-1.81804683508426,2.2228001404781415,34.99884041984784,0.0,98.53,False,False,False,False,False,False,True,56,-0.9,-23,-0.3,55,-0.4,57,-0.2,-12.994000434875488,-2.5209999084472656,-5.197999954223633
38,L,False,False,False,False,False,False,False,False,False,True,False,False,False,False,False,False,False,False,False,False,L,-1.4266131966790982,2.8879271286168033,-1.4838665053165343,2.029652550041445,15.407049721870937,0.05924358696166543,98.7,False,False,False,False,False,False,False,55,-2.3,-1,-0.3,-3,-0.2,2,-0.2,-9.958000183105469,-4.811999797821045,-4.5929999351501465
39,T,False,False,False,False,False,False,False,False,False,False,False,False,False,False,False,False,True,False,False,False,T,-1.368625805022319,2.6783003202972115,0.5426546373404235,1.9338398683091407,7.66230666010576,78.24654648944505,98.5,False,False,False,False,False,False,False,82,-0.1,50,-0.3,-2,-0.1,2,-0.1,-9.65999984741211,-8.53499984741211,-5.414999961853027
40,E,False,False,False,True,False,False,False,False,False,False,False,False,False,False,False,False,False,False,False,False,E,-1.014173323381771,2.3295715980840344,-0.2217307321955652,2.4649136817236115,39.32278951246071,83.07154026694133,98.69,False,False,False,False,False,False,True,-2,-0.2,2,-0.3,51,-0.2,50,-0.2,-9.92199993133545,-10.965999603271484,-2.437999963760376
41,G,False,False,False,False,False,True,False,False,False,False,False,False,False,False,False,False,False,False,False,False,G,2.1257917834054774,-2.7918410020309863,-3.0177954972227923,2.154944711811203,20.7902626201928,0.0,98.63,False,False,True,False,False,False,False,48,-2.5,48,-2.9,-2,-0.1,2,-0.3,-6.498000144958496,-11.404999732971191,-0.7239999771118164
42,L,False,False,False,False,False,False,False,False,False,True,False,False,False,False,False,False,False,False,False,False,L,-1.5234716648939177,2.4025406861124416,-2.009564112975682,2.172744440530232,17.51433254411698,70.49050628596648,98.76,False,False,True,False,False,False,False,-2,-0.3,2,-0.4,46,-0.2,46,-0.2,-3.263000011444092,-9.50100040435791,0.004999999888241291
43,H,False,False,False,False,False,False,True,False,False,False,False,False,False,False,False,False,False,False,False,False,H,-2.280464977408278,2.1828838272784927,-2.845326117125001,1.9552485594597229,0.0,2.263723959118579,98.85,False,False,True,False,False,False,False,44,-2.5,44,-2.6,-2,-0.3,80,-0.3,-2.3450000286102295,-6.192999839782715,-1.6649999618530273
44,G,False,False,False,False,False,True,False,False,False,False,False,False,False,False,False,False,False,False,False,False,G,-0.9999065559426785,2.470087877802875,2.7463225098735076,2.12441472100868,0.0,0.0,98.8,False,False,True,False,False,False,False,78,-2.7,76,-2.8,-2,-0.4,2,-0.4,1.0379999876022339,-4.431000232696533,-1.277999997138977
45,F,False,False,False,False,True,False,False,False,False,False,False,False,False,False,False,False,False,False,False,False,F,-2.478867818251938,1.9256182374551203,-2.1528273010229793,2.582374203054267,0.0,0.0,98.92,False,False,True,False,False,False,False,40,-2.8,39,-1.0,74,-0.2,2,-0.3,0.7070000171661377,-1.0700000524520874,0.5080000162124634
46,H,False,False,False,False,False,False,True,False,False,False,False,False,False,False,False,False,False,False,False,False,H,-2.44125521501956,2.626568498875886,-2.6449426060719414,1.8803396788903148,0.0,0.0,98.89,False,False,True,False,False,False,False,72,-2.2,72,-2.7,-2,-0.4,2,-0.6,3.4590001106262207,1.5509999990463257,0.3630000054836273
47,V,False,False,False,False,False,False,False,False,False,False,False,False,False,False,False,False,False,True,False,False,V,-1.5366437351402615,2.1262466538927796,-1.96478313393518,2.1316446196629784,0.0,0.0,98.93,False,False,True,False,False,False,False,35,-2.3,17,-3.0,-2,-0.3,70,-0.2,4.440000057220459,5.195000171661377,0.6700000166893005
48,H,False,False,False,False,False,False,True,False,False,False,False,False,False,False,False,False,False,False,False,False,H,-1.6528248797547882,2.6539394164912915,0.9533764172828049,1.776067781251455,0.0,2.9904352748309506,98.83,False,False,True,False,False,False,False,68,-3.4,68,-1.4,-2,-0.6,15,-0.3,6.111000061035156,6.230000019073486,-2.6050000190734863
49,E,False,False,False,True,False,False,False,False,False,False,False,False,False,False,False,False,False,False,False,False,E,-1.0131727434922806,-0.7785519546912645,-2.5393921142785354,2.29897477657241,3.9216020044978306,60.16039012091339,98.8,False,False,False,False,False,False,True,13,-2.6,2,-0.4,-2,-0.2,12,-0.2,8.73900032043457,8.982999801635742,-2.756999969482422
50,F,False,False,False,False,True,False,False,False,False,False,False,False,False,False,False,False,False,False,False,False,F,-1.8325129609031847,2.366536493359671,2.2524027859886737,1.4757265922589824,1.7766702851176335,88.32211124665216,98.72,False,False,False,False,False,False,False,10,-2.5,2,-0.9,12,-0.3,66,-0.2,6.90500020980835,11.706000328063965,-4.741000175476074
51,G,False,False,False,False,False,True,False,False,False,False,False,False,False,False,False,False,False,False,False,False,G,-1.3070660536273278,0.682297898940513,2.766589715580229,2.082940022808383,39.62666694796417,0.0,98.62,False,False,False,False,False,False,False,63,-0.6,2,-0.6,-2,-0.4,97,-0.1,3.5369999408721924,13.430999755859375,-4.182000160217285
52,D,False,False,True,False,False,False,False,False,False,False,False,False,False,False,False,False,False,False,False,False,D,-1.9234419493981987,2.0262405535125563,2.1613373526974264,1.676316155962228,2.1815468955069237,52.929743986904285,98.58,False,False,False,False,False,False,False,-2,-0.9,-2,-0.1,7,-0.1,3,-0.1,3.3359999656677246,13.472000122070312,-8.008999824523926
53,N,False,False,False,False,False,False,False,False,False,False,False,True,False,False,False,False,False,False,False,False,N,-2.034050406510516,0.3545358999904296,0.42921447882850094,1.5731705335633832,24.92453789181305,36.847000658458654,96.97,False,False,False,False,False,False,False,-2,-0.6,3,-2.1,6,-0.2,-1,-0.1,0.1889999955892563,12.13700008392334,-9.73799991607666
54,T,False,False,False,False,False,False,False,False,False,False,False,False,False,False,False,False,True,False,False,False,T,-0.972067467909896,-0.5985981450119465,-1.7480180610099967,1.650712180078498,46.960139452018794,72.30112908469383,97.51,False,False,False,False,False,True,False,1,-0.3,3,-0.1,3,-0.1,-1,-0.1,0.7260000109672546,14.043000221252441,-13.097000122070312
55,A,True,False,False,False,False,False,False,False,False,False,False,False,False,False,False,False,False,False,False,False,A,-2.050377141929636,0.6697262527980177,-0.3565034243800175,2.120548938042289,27.717322092078344,38.01285450088467,97.4,False,False,False,False,False,True,False,1,-0.6,3,-0.7,-3,-0.1,-1,-0.3,0.6000000238418579,10.710000038146973,-15.019000053405762
56,G,False,False,False,False,False,True,False,False,False,False,False,False,False,False,False,False,False,False,False,False,G,1.2011719180106157,-2.695908107446183,1.2324733358363498,1.6541907007344112,31.90407954866423,0.0,97.17,False,False,False,True,False,False,False,-3,-2.1,3,-1.4,1,-0.2,-1,-0.6,-1.465999960899353,8.890999794006348,-12.343000411987305
57,C,False,True,False,False,False,False,False,False,False,False,False,False,False,False,False,False,False,False,False,False,C,-1.1427589494172816,-0.3132349207619698,1.121064592559672,1.6037496223413579,7.325206829781354,12.663276635040958,97.97,False,False,False,True,False,False,False,1,-0.3,3,-0.8,86,-0.2,-1,-0.2,0.16699999570846558,6.5320000648498535,-9.824000358581543
58,T,False,False,False,False,False,False,False,False,False,False,False,False,False,False,False,False,True,False,False,False,T,-1.1877460855964355,-0.536010026292793,1.4411688846270525,1.5674607684369624,18.190557531541785,75.0576301723535,97.49,False,False,False,True,False,False,False,-3,-0.7,3,-1.4,1,-0.2,-1,-0.3,3.3399999141693115,5.942999839782715,-11.944999694824219
59,S,False,False,False,False,False,False,False,False,False,False,False,False,False,False,False,True,False,False,False,False,S,-1.1764042472468088,-0.29389480624014724,-2.649651329872445,1.5618111556375742,15.962137303289824,10.875778659670518,98.3,False,False,False,True,False,False,False,-3,-1.4,-1,-0.2,1,-0.3,-6,-0.2,4.589000225067139,9.536999702453613,-11.305999755859375
60,A,True,False,False,False,False,False,False,False,False,False,False,False,False,False,False,False,False,False,False,False,A,-1.1420122465931668,-0.20345266651410995,-0.420125500018675,2.177533728608304,0.0,0.0,98.57,False,False,False,True,False,False,False,-3,-0.8,-10,-2.5,-4,-0.3,-1,-0.3,4.914000034332275,8.743000030517578,-7.552999973297119
61,G,False,False,False,False,False,True,False,False,False,False,False,False,False,False,False,False,False,False,False,False,G,1.3310913008695597,-2.749426823064392,-1.1049136748393533,2.219595428934155,14.782578379214963,0.0,98.35,False,False,False,False,False,False,False,-3,-1.4,-1,-0.2,-12,-0.2,3,-0.1,8.36299991607666,7.127999782562256,-8.229000091552734
62,P,False,False,False,False,False,False,False,False,False,False,False,False,True,False,False,False,False,False,False,False,P,-1.3116829631178912,-3.109941794184821,-1.6020984057341756,1.986225605463583,9.871386596452144,59.82043867960326,98.43,False,False,False,False,False,False,True,0,0.0,-13,-2.6,0,0.0,-12,-0.3,9.928999900817871,4.2820000648498535,-6.104000091552734
63,H,False,False,False,False,False,False,True,False,False,False,False,False,False,False,False,False,False,False,False,False,H,-1.0634656588083093,2.5733111059588967,2.8440345808945766,1.7640790405323015,9.49679090773245,4.754469706098796,98.77,False,True,False,False,False,False,False,73,-0.3,2,-0.8,-15,-0.3,-15,-0.3,9.157999992370605,3.428999900817871,-2.446000099182129
64,F,False,False,False,False,True,False,False,False,False,False,False,False,False,False,False,False,False,False,False,False,F,-1.1755886040140062,1.8533139197621074,2.74752598929956,1.9467951652825373,0.0,6.168880047822112,98.82,False,False,False,False,False,False,False,-17,-3.0,18,-2.4,52,-0.1,17,-0.5,10.07699966430664,6.203999996185303,0.009999999776482582
65,N,False,False,False,False,False,False,False,False,False,False,False,True,False,False,False,False,False,False,False,False,N,-2.2973088305286176,1.1897148324923725,0.9225504167549397,1.57598630340821,20.185212144846474,26.079504870082225,98.69,False,False,False,False,False,False,False,-2,-0.8,3,-1.4,15,-0.2,-1,-0.1,13.659000396728516,5.196000099182129,0.9549999833106995
66,P,False,False,False,False,False,False,False,False,False,False,False,False,True,False,False,False,False,False,False,False,P,-1.1851364120093792,-0.326856056124429,-2.1859963515678373,1.6756400094299717,41.80454143097972,18.551359611545607,98.49,False,False,False,False,False,True,False,0,0.0,-1,-0.1,0,0.0,14,-0.1,15.574999809265137,8.130999565124512,2.5980000495910645
67,L,False,False,False,False,False,False,False,False,False,True,False,False,False,False,False,False,False,False,False,False,L,-1.7038702261521195,0.02833403506728152,2.6029017071650227,1.6060743825215484,26.361551970271563,59.52365892499249,98.22,False,False,False,False,False,True,False,2,-0.0,-2,-0.0,0,0.0,13,-0.0,17.992000579833984,5.632999897003174,4.289000034332275
68,S,False,False,False,False,False,False,False,False,False,False,False,False,False,False,False,True,False,False,False,False,S,0.9157629921187374,0.70224086719895,-1.69221785588595,2.248732586589151,32.99416381609191,64.61216595869232,98.04,False,False,False,False,False,False,False,-3,-1.4,2,-0.1,1,-0.1,12,-0.1,18.96299934387207,3.749000072479248,1.0449999570846558
69,R,False,False,False,False,False,False,False,False,False,False,False,False,False,False,True,False,False,False,False,False,R,-1.506765899604377,2.981797348918131,-1.5719479765358093,2.111759308323968,10.147659187834172,84.35401210062733,98.21,False,False,False,False,False,False,False,10,-0.2,2,-0.2,1,-0.1,-1,-0.1,17.948999404907227,0.33899998664855957,2.559000015258789
70,K,False,False,False,False,False,False,False,False,True,False,False,False,False,False,False,False,False,False,False,False,K,-1.3372088190206939,2.788526424274373,2.5962959814894324,2.0318398522441763,3.677788481227179,118.31323835853298,98.32,False,False,False,False,False,False,False,-2,-0.1,66,-0.2,1,-0.1,2,-0.1,16.56599998474121,-2.752000093460083,0.7900000214576721
71,H,False,False,False,False,False,False,True,False,False,False,False,False,False,False,False,False,False,False,False,False,H,-1.1502379060421624,2.531388122631669,-1.1874262303701695,2.5315391446535846,7.667964902381096,0.0,98.7,False,False,False,False,False,False,False,64,-2.5,2,-0.3,8,-0.2,-1,-0.1,12.831000328063965,-3.431999921798706,0.6740000247955322
72,G,False,False,False,False,False,True,False,False,False,False,False,False,False,False,False,False,False,False,False,False,G,-2.8272523200288955,-3.135142594857761,-1.7897314929405905,2.1413414020487473,0.769947461306127,0.0,98.52,False,False,False,False,False,False,False,-2,-0.1,55,-0.3,8,-0.1,13,-0.2,11.388999938964844,-5.51800012588501,3.5439999103546143
73,G,False,False,False,False,False,True,False,False,False,False,False,False,False,False,False,False,False,False,False,False,G,-1.3450088378618128,2.8639754328836844,0.8726517969050551,1.5789203778291934,4.202699063590537,0.0,98.56,False,False,False,False,False,False,False,53,-0.9,3,-2.2,-2,-0.3,10,-0.1,8.321999549865723,-6.140999794006348,5.7179999351501465
74,P,False,False,False,False,False,False,False,False,False,False,False,False,True,False,False,False,False,False,False,False,P,-1.1359770453332019,-0.2523893745363553,1.7426712924268335,1.6536276131183905,16.848563108731025,36.805595058278556,98.44,False,False,False,False,False,True,False,0,0.0,28,-0.3,0,0.0,-1,-0.1,7.034999847412109,-3.572000026702881,8.288000106811523
75,K,False,False,False,False,False,False,False,False,True,False,False,False,False,False,False,False,False,False,False,False,K,-1.7307595411970023,-0.08097866735394564,-2.5393935754555845,2.1192124486492543,40.349403186205365,158.36620882494088,98.25,False,False,False,False,False,True,False,3,-0.1,2,-0.2,26,-0.1,4,-0.1,8.593999862670898,-5.624000072479248,11.166999816894531
76,D,False,False,True,False,False,False,False,False,False,False,False,False,False,False,False,False,False,False,False,False,D,-1.417628567820349,2.522779145403362,1.1362468565916808,1.5213627772796205,10.152105060530326,39.83737121037435,98.26,False,False,False,False,False,False,False,-3,-2.2,-4,-0.1,1,-0.1,3,-0.1,12.03499984741211,-5.923999786376953,9.515000343322754
77,E,False,False,False,True,False,False,False,False,False,False,False,False,False,False,False,False,False,False,False,False,E,-1.2175402613260429,-0.7256207375142214,1.9069854235510848,1.7824649913785526,22.485246141241667,127.57859457924593,97.86,False,False,False,False,False,False,True,-2,-0.2,2,-1.1,1,-0.2,-1,-0.1,14.935999870300293,-3.6540000438690186,10.529000282287598
78,E,False,False,False,True,False,False,False,False,False,False,False,False,False,False,False,False,False,False,False,False,E,-1.4585450852400588,1.677128512837284,-1.700331751757462,2.4703396750509095,9.774690133559002,78.89469277988385,98.25,False,False,False,False,False,False,True,-7,-0.1,2,-0.3,-9,-0.1,-1,-0.2,16.055999755859375,-3.763000011444092,6.853000164031982
79,R,False,False,False,False,False,False,False,False,False,False,False,False,False,False,True,False,False,False,False,False,R,-2.6914660328784428,2.8194970979107152,-2.060787207169615,2.014378648987882,6.440744106610578,3.6102591630411096,98.73,False,False,False,False,False,False,True,-2,-1.1,-8,-0.2,-7,-0.1,2,-0.2,13.154000282287598,-1.9839999675750732,5.072000026702881
80,H,False,False,False,False,False,False,True,False,False,False,False,False,False,False,False,False,False,False,False,False,H,-1.2494073319883074,2.697566211100757,0.9330154674553798,1.5194809475884576,0.04626792616718984,14.501970621877287,98.82,False,False,False,False,False,False,False,-2,-0.3,3,-1.4,-8,-0.2,-15,-0.2,12.310999870300293,1.2300000190734863,3.2780001163482666
81,V,False,False,False,False,False,False,False,False,False,False,False,False,False,False,False,False,False,True,False,False,V,-1.046358442349601,-0.638531175254973,1.9581653035014626,1.6738441786326725,1.5038703078785705,2.2517902941734302,98.71,False,False,False,False,False,True,False,-17,-0.5,-16,-0.2,1,-0.3,23,-0.1,10.5649995803833,3.890000104904175,5.406000137329102
82,G,False,False,False,False,False,True,False,False,False,False,False,False,False,False,False,False,False,False,False,False,G,-1.3418471335235729,-0.047916432205197215,2.78182897228931,1.831723927065039,0.0013430426698485595,0.0,98.8,False,False,False,False,False,True,False,-18,-2.4,-35,-2.3,-35,-0.2,2,-1.4,7.589000225067139,3.5810000896453857,2.996000051498413
83,D,False,False,True,False,False,False,False,False,False,False,False,False,False,False,False,False,False,False,False,False,D,-1.4244974235236025,1.510750989197856,-2.483270439671711,1.592505902122393,0.0,0.016676138936150102,98.87,False,False,True,False,False,False,False,-3,-1.4,-37,-0.2,-19,-0.2,3,-0.1,7.206999778747559,-0.257999986410141,3.325000047683716
84,L,False,False,False,False,False,False,False,False,False,True,False,False,False,False,False,False,False,False,False,False,L,-1.5058203102765197,0.05898308798011074,-0.29355963893840265,2.036021489008365,5.306805598685027,0.5236411667750449,98.88,False,False,True,False,False,False,False,-2,-1.4,2,-0.4,-39,-1.0,-1,-0.2,3.819999933242798,-0.7749999761581421,5.159999847412109
85,G,False,False,False,False,False,True,False,False,False,False,False,False,False,False,False,False,False,False,False,False,G,1.362895826142257,-2.159703189894254,-2.6646405078321984,2.4595006446719436,0.5884561323932196,0.0,98.72,False,False,True,False,False,False,False,-13,-0.2,-40,-2.8,-40,-0.2,2,-0.4,3.5759999752044678,-4.4070000648498535,3.864000082015991
86,N,False,False,False,False,False,False,False,False,False,False,False,True,False,False,False,False,False,False,False,False,N,-2.1361130427994595,2.56082583597705,-2.326076615988514,2.042258477437769,29.299072976161064,12.854408960402758,98.83,False,False,True,False,False,False,False,-2,-0.4,2,-0.3,-42,-0.2,-42,-0.2,0.09200000017881393,-5.651000022888184,2.8889999389648438
87,V,False,False,False,False,False,False,False,False,False,False,False,False,False,False,False,False,False,True,False,False,V,-1.7176917746615512,2.7067618329706113,-2.7693826449674046,2.120859863722383,3.60426337376645,3.677825197839985,98.79,False,False,True,False,False,False,False,-44,-2.6,-44,-2.5,-2,-0.4,2,-0.5,-3.578000068664551,-4.797999858856201,3.3519999980926514
88,T,False,False,False,False,False,False,False,False,False,False,False,False,False,False,False,False,True,False,False,False,T,-2.035976243754226,2.0803241654252007,-2.4898781766854583,2.1121484370111716,18.02606067624533,66.63683630533495,98.81,False,False,True,False,False,False,False,-2,-0.3,8,-0.4,-46,-0.2,2,-0.4,-6.0879998207092285,-7.714000225067139,3.171999931335449
89,A,True,False,False,False,False,False,False,False,False,False,False,False,False,False,False,False,False,False,False,False,A,-1.602025553603742,2.4332439902507765,-1.380698695842024,2.259333981317313,5.233631393093653,0.0,98.8,False,False,True,False,False,False,False,-48,-2.9,-48,-2.5,-2,-0.5,6,-0.3,-9.279999732971191,-7.46999979019165,1.1050000190734863
90,D,False,False,True,False,False,False,False,False,False,False,False,False,False,False,False,False,False,False,False,False,D,-1.424808734951783,-2.9909500938524203,1.0288627067874692,1.5720865321324669,9.954946746846506,56.99251430385337,98.7,False,False,False,False,False,False,False,4,-2.4,3,-1.5,-2,-0.4,-1,-0.1,-12.277999877929688,-9.73799991607666,1.8300000429153442
91,K,False,False,False,False,False,False,False,False,True,False,False,False,False,False,False,False,False,False,False,False,K,-1.1840461460803875,-0.3531151967587353,-1.9393921323924668,1.5204733037080165,39.19663902795236,129.07657472537892,98.39,False,False,False,False,False,True,False,1,-0.3,-51,-0.2,2,-0.1,-2,-0.0,-14.74899959564209,-11.402000427246094,-0.6299999952316284
92,D,False,False,True,False,False,False,False,False,False,False,False,False,False,False,False,False,False,False,False,False,D,-1.501042883907914,0.016744081555146624,2.355525746701428,1.6006794373763509,31.895211947197936,95.28534365488684,98.33,False,False,False,False,False,True,False,2,-0.2,-55,-0.4,-53,-0.1,-1,-0.3,-16.632999420166016,-8.088000297546387,-0.9869999885559082
93,G,False,False,False,False,False,True,False,False,False,False,False,False,False,False,False,False,False,False,False,False,G,1.2837015054700631,0.4825908414464007,-2.8582273459603202,2.1851725575219243,5.062057109534439,0.0,98.53,False,False,False,False,False,False,True,-3,-1.5,-55,-2.3,1,-0.3,-56,-0.9,-13.3149995803833,-6.559999942779541,-2.2309999465942383
94,V,False,False,False,False,False,False,False,False,False,False,False,False,False,False,False,False,False,True,False,False,V,-1.9691088534832595,2.2261691533886907,-2.725250381123853,1.993127848239098,4.164472147934807,39.16532818148765,98.82,False,False,True,False,False,False,False,-58,-0.2,-4,-2.4,-57,-0.2,2,-0.6,-12.968999862670898,-4.427000045776367,0.9549999833106995
95,A,True,False,False,False,False,False,False,False,False,False,False,False,False,False,False,False,False,False,False,False,A,-1.8816373302065044,1.9234293877726465,-2.567009974305752,1.7746076199840088,0.0,0.49166718053926395,98.82,False,False,True,False,False,False,False,-60,-3.1,-60,-2.0,-2,-0.5,2,-0.8,-9.767999649047852,-4.006999969482422,2.9809999465942383
96,D,False,False,True,False,False,False,False,False,False,False,False,False,False,False,False,False,False,False,False,False,D,-1.4321853595493332,1.8953896257750031,2.780630339052587,2.1011920781066005,32.59451451996154,88.57512613544148,98.81,False,False,True,False,False,False,False,-2,-0.6,2,-0.4,-8,-0.4,-62,-0.2,-10.309000015258789,-2.5989999771118164,6.486999988555908
97,V,False,False,False,False,False,False,False,False,False,False,False,False,False,False,False,False,False,True,False,False,V,-1.5297094980507453,2.227867726696439,2.6677054292923326,2.0012811627908613,9.521945617998941,0.8228812495589146,98.82,False,False,True,False,False,False,False,-64,-2.2,-64,-1.8,-2,-0.8,2,-0.3,-6.89300012588501,-1.062999963760376,7.238999843597412
98,S,False,False,False,False,False,False,False,False,False,False,False,False,False,False,False,True,False,False,False,False,S,-2.5718232677969137,1.7330145326906816,-2.826195531318751,2.3388205539486577,35.846488172197084,68.1697619343677,98.59,False,False,True,False,False,False,False,-2,-0.4,2,-0.3,-66,-0.2,-66,-0.2,-5.5320000648498535,-1.0269999504089355,10.814000129699707
99,I,False,False,False,False,False,False,False,True,False,False,False,False,False,False,False,False,False,False,False,False,I,-2.215773939026471,2.516992628208072,-3.0939644189992435,1.9554799575258877,9.5897156300219,27.846240963558166,98.68,False,False,True,False,False,False,False,-68,-3.0,-68,-3.1,-2,-0.3,2,-0.4,-1.7239999771118164,-0.6019999980926514,11.074999809265137
100,E,False,False,False,True,False,False,False,False,False,False,False,False,False,False,False,False,False,False,False,False,E,-2.1534798636749684,2.099565773679602,-2.9516386152679215,2.249593325699844,40.7992033880876,76.33642037794695,98.58,False,False,True,False,False,False,False,-2,-0.3,2,-0.4,-70,-0.2,-70,-0.2,0.6079999804496765,0.8370000123977661,13.732999801635742
101,D,False,False,True,False,False,False,False,False,False,False,False,False,False,False,False,False,False,False,False,False,D,-2.1762735212539224,2.414253846738809,1.0002739413808412,1.7211658142455537,0.9925104353781945,3.8066381755120715,98.74,False,False,True,False,False,False,False,-72,-2.4,-72,-2.9,-2,-0.4,-26,-0.1,4.073999881744385,1.6640000343322754,12.312000274658203
102,S,False,False,False,False,False,False,False,False,False,False,False,False,False,False,False,True,False,False,False,False,S,-1.8597375251400807,0.06081595949749584,1.237230028966028,1.7692823365064967,40.21860413084382,61.28083202445425,97.79,False,False,False,False,False,False,True,-2,-0.4,-1,-0.1,-28,-0.3,-72,-0.0,7.177000045776367,3.007999897003174,14.144000053405762
103,V,False,False,False,False,False,False,False,False,False,False,False,False,False,False,False,False,False,True,False,False,V,-1.8285208085869782,-0.7861607205086069,-2.9681425984410166,2.047460321018729,6.176010761220795,41.03471844565256,98.4,False,False,False,False,False,False,True,-22,-0.1,-22,-0.1,-74,-0.1,-21,-0.1,9.343000411987305,3.868000030517578,11.0600004196167
104,I,False,False,False,False,False,False,False,True,False,False,False,False,False,False,False,False,False,False,False,False,I,-1.1308793492369746,2.66638789801609,-2.4095094344123975,2.398614140137897,4.336615981968322,0.03365994901095615,98.57,False,False,False,False,False,False,False,-23,-0.1,2,-0.3,-75,-0.1,-75,-0.2,7.051000118255615,6.301000118255615,9.180999755859375
105,S,False,False,False,False,False,False,False,False,False,False,False,False,False,False,False,True,False,False,False,False,S,-2.436473155202395,2.774285127616765,0.5355164417155173,1.5392192361985544,0.13395533807273874,11.781769221063712,98.44,False,True,False,False,False,False,False,5,-1.8,7,-2.1,3,-0.1,8,-0.3,6.534999847412109,9.753999710083008,10.711999893188477
106,L,False,False,False,False,False,False,False,False,False,True,False,False,False,False,False,False,False,False,False,False,L,-1.671206560211182,0.21533252025418245,0.45302444387321633,2.492635763894294,8.936155235931738,0.0,98.42,False,False,False,False,False,False,True,-2,-0.3,2,-0.3,5,-0.2,5,-0.1,4.26200008392334,12.78499984741211,10.13700008392334
107,S,False,False,False,False,False,False,False,False,False,False,False,False,False,False,False,True,False,False,False,False,S,-2.725547426324468,2.9688445997574395,-0.5536208673477491,2.217316217811075,7.748344204901628,37.832777714751174,96.89,False,False,False,False,False,False,True,-82,-0.2,3,-0.5,-105,-0.1,5,-0.1,7.349999904632568,15.050999641418457,10.689000129699707
108,G,False,False,False,False,False,True,False,False,False,False,False,False,False,False,False,False,False,False,False,False,G,1.2052574185120224,-2.7924313386204487,0.9158099441520091,1.611943772348559,60.5092652677133,0.0,96.5,False,False,False,False,False,False,True,-2,-0.3,3,-1.7,1,-0.2,-3,-0.1,11.178000450134277,15.1850004196167,10.255000114440918
109,D,False,False,True,False,False,False,False,False,False,False,False,False,False,False,False,False,False,False,False,False,D,-1.2288718910402179,-0.40987514778893214,2.4877057908660825,1.582502266399646,21.44259524356587,112.02469968487645,97.04,False,False,False,False,False,True,False,1,-0.3,-1,-0.2,3,-0.0,-4,-0.0,13.28499984741211,13.237000465393066,7.708000183105469
110,H,False,False,False,False,False,False,True,False,False,False,False,False,False,False,False,False,False,False,False,False,H,-1.5931289648823574,0.2105706980134895,-3.0023594453370226,1.9610910178189025,1.5080216082932627,52.32074268225194,98.16,False,False,False,False,False,True,False,-3,-0.5,-5,-1.8,-6,-0.1,-1,-0.3,10.855999946594238,10.241000175476074,7.750999927520752
111,C,False,True,False,False,False,False,False,False,False,False,False,False,False,False,False,False,False,False,False,False,C,-1.0635849579486554,2.1977106004206433,2.056335538507729,1.6373778188902215,2.2243635410862774,26.534004553021138,98.1,False,True,False,False,False,False,False,-3,-1.7,-5,-0.2,-7,-0.2,-3,-0.1,7.888000011444092,12.579000473022461,7.031000137329102
112,I,False,False,False,False,False,False,False,True,False,False,False,False,False,False,False,False,False,False,False,False,I,-1.6634298023956497,-0.08678647326961302,0.35045433578952623,1.9218699043943852,0.0,0.25803335184052933,98.8,False,False,False,False,False,False,False,-7,-2.1,3,-1.9,-2,-0.2,37,-0.3,5.309999942779541,10.984000205993652,4.672999858856201
113,I,False,False,False,False,False,False,False,True,False,False,False,False,False,False,False,False,False,False,False,False,I,-1.1395919010871949,2.349513467611437,1.8850326437071128,1.5800693686406215,19.43812375520546,27.412345701008576,98.56,False,False,False,False,False,True,False,-8,-0.3,37,-0.2,1,-0.3,3,-0.1,3.2709999084472656,14.234000205993652,4.285999774932861
114,G,False,False,False,False,False,True,False,False,False,False,False,False,False,False,False,False,False,False,False,False,G,1.374925393960822,0.06854796833062282,-1.7898646487975478,2.216892214452123,39.87077173105725,7.105427357601002e-15,98.63,False,False,False,False,False,True,False,35,-3.1,-63,-0.6,1,-0.3,-1,-0.3,3.2869999408721924,15.371000289916992,0.6299999952316284
115,R,False,False,False,False,False,False,False,False,False,False,False,False,False,False,True,False,False,False,False,False,R,-1.7117604577656758,3.0269809080229457,-2.612786875872742,2.1925870158423635,0.0,57.00567972670341,98.84,False,False,False,False,False,False,True,-3,-1.9,34,-3.1,34,-0.2,2,-0.5,4.242000102996826,11.803000450134277,-0.5130000114440918
116,T,False,False,False,False,False,False,False,False,False,False,False,False,False,False,False,False,True,False,False,False,T,-1.836345362158427,2.248911423142041,-2.931638969395179,1.9736812305832026,0.0,0.0,98.89,False,False,True,False,False,False,False,-68,-1.4,-68,-3.4,32,-0.2,2,-0.4,1.9930000305175781,9.279000282287598,-2.321000099182129
117,L,False,False,False,False,False,False,False,False,False,True,False,False,False,False,False,False,False,False,False,False,L,-1.4989737063792834,2.419931641614218,-2.7580404906663074,2.345186007315297,0.0,0.010195837336120566,98.94,False,False,True,False,False,False,False,30,-2.8,30,-1.8,-2,-0.5,2,-0.4,0.28700000047683716,6.2779998779296875,-0.7129999995231628
118,V,False,False,False,False,False,False,False,False,False,False,False,False,False,False,False,False,False,True,False,False,V,-2.309737915342718,2.375706641828391,-2.54132416123639,1.9759967646276657,0.0,0.0,98.87,False,False,True,False,False,False,False,-72,-2.7,-72,-2.2,-2,-0.4,2,-0.4,-0.18700000643730164,3.3259999752044678,-3.1459999084472656
119,V,False,False,False,False,False,False,False,False,False,False,False,False,False,False,False,False,False,True,False,False,V,-1.8757178444063742,2.3239734006619335,-2.0747617141153247,2.400850184167316,0.0,0.028168932433605878,98.9,False,False,True,False,False,False,False,26,-2.5,25,-1.9,-2,-0.4,26,-1.4,-2.184000015258789,0.07100000232458115,-3.0399999618530273
120,H,False,False,False,False,False,False,True,False,False,False,False,False,False,False,False,False,False,False,False,False,H,-1.7950633050666986,2.9017026655109937,0.5798729249530186,1.6928459085684364,0.0,9.453240395570308,98.63,False,False,True,False,False,False,False,-76,-2.8,23,-0.2,-2,-0.4,21,-0.1,-0.8389999866485596,-2.5989999771118164,-5.418000221252441
121,E,False,False,False,True,False,False,False,False,False,False,False,False,False,False,False,False,False,False,False,False,E,-1.202134412487431,-0.6800580237984807,-1.3764667361475835,2.4530720288869174,12.921266320169694,69.02142347790426,98.23,False,False,False,False,False,False,True,21,-2.3,2,-0.2,19,-0.4,20,-0.2,-2.25600004196167,-5.418000221252441,-7.605999946594238
122,K,False,False,False,False,False,False,False,False,True,False,False,False,False,False,False,False,False,False,False,False,K,-2.068996569243885,2.9141096393320107,-2.131380910712031,2.021277358766408,3.2150412806317097,103.5516223747749,98.27,False,False,False,False,False,False,True,18,-2.9,-78,-2.7,20,-0.3,-2,-0.2,-0.43700000643730164,-8.3149995803833,-5.870999813079834
123,A,True,False,False,False,False,False,False,False,False,False,False,False,False,False,False,False,False,False,False,False,A,-1.0381701512776114,2.334761935805206,-2.6092166661178764,1.8554467613714936,15.688456551163851,29.976544967374195,98.7,False,False,False,False,False,False,False,-80,-0.3,2,-0.5,-2,-0.2,-80,-0.1,0.7960000038146973,-9.352999687194824,-2.4660000801086426
124,D,False,False,True,False,False,False,False,False,False,False,False,False,False,False,False,False,False,False,False,False,D,-1.2489658525574707,2.181013222331831,-2.1902775653481,1.5707462761301985,7.972122453894984,0.007281868076775666,98.65,False,False,False,False,False,False,False,-2,-0.2,15,-0.2,16,-0.1,14,-0.1,4.046000003814697,-7.767000198364258,-1.3339999914169312
125,D,False,False,True,False,False,False,False,False,False,False,False,False,False,False,False,False,False,False,False,False,D,-1.4004640259037902,0.02130220937901308,-1.03517319908031,1.6160935472796794,17.093347953753216,22.98202616332381,98.4,False,False,False,False,False,False,False,13,-2.6,3,-1.5,-2,-0.5,-52,-0.1,6.480999946594238,-10.677000045776367,-0.6179999709129333
126,L,False,False,False,False,False,False,False,False,False,True,False,False,False,False,False,False,False,False,False,False,L,1.0700988600822465,0.5288111201733535,1.8042245666534549,1.579371476026875,0.08360451978339993,55.669351887197166,98.33,False,False,False,False,False,True,False,1,-0.3,-53,-0.9,-54,-0.2,9,-0.1,8.22700023651123,-8.545999526977539,2.1040000915527344
127,G,False,False,False,False,False,True,False,False,False,False,False,False,False,False,False,False,False,False,False,False,G,1.3152479577937606,0.26092275854239444,1.7484340945026564,1.748227727747587,19.165561604189744,0.0,97.94,False,False,False,False,False,True,False,7,-0.4,-1,-0.3,-55,-0.3,3,-0.2,11.685999870300293,-9.005999565124512,0.49300000071525574
128,K,False,False,False,False,False,False,False,False,True,False,False,False,False,False,False,False,False,False,False,False,K,-1.9426152619199408,0.16746337606494993,-2.1814145711479953,1.6436277827580728,37.328475315433174,105.65996043191072,98.08,False,False,False,False,False,False,False,-3,-1.5,-2,-0.1,6,-0.1,-1,-0.1,11.392000198364258,-12.861000061035156,0.8830000162124634
129,G,False,False,False,False,False,True,False,False,False,False,False,False,False,False,False,False,False,False,False,False,G,-1.3450193674767814,-0.176197663408282,1.7100369274309373,1.684733986590613,45.25686191404606,-7.105427357601002e-15,96.52,False,False,False,False,False,False,True,2,-0.1,-1,-0.1,1,-0.1,3,-0.1,10.548999786376953,-13.852999687194824,-2.757999897003174
130,G,False,False,False,False,False,True,False,False,False,False,False,False,False,False,False,False,False,False,False,False,G,1.3428007038645733,0.21318091737225575,-1.8900887951325098,2.285156096470522,80.28391483040153,0.0,96.03,False,False,False,False,False,False,True,1,-0.3,2,-0.2,-3,-0.2,-1,-0.1,14.16100025177002,-14.939000129699707,-3.5969998836517334
131,N,False,False,False,False,False,False,False,False,False,False,False,True,False,False,False,False,False,False,False,False,N,-2.0884371915363014,2.930431918043982,0.9861497652887425,1.6116119853942958,13.444724833739498,59.350447803304164,96.38,False,False,False,False,False,False,True,1,-0.1,4,-0.9,0,0.0,-1,-0.3,14.598999977111816,-12.65999984741211,-6.683000087738037
132,E,False,False,False,True,False,False,False,False,False,False,False,False,False,False,False,False,False,False,False,False,E,-1.071302500776222,-0.7020764458629458,1.1555768402240145,1.5887146738562379,19.835289441643955,105.35094870868583,96.17,False,False,False,False,False,True,False,-2,-0.2,3,-0.5,1,-0.2,4,-0.1,16.28700065612793,-9.208999633789062,-7.059000015258789
133,E,False,False,False,True,False,False,False,False,False,False,False,False,False,False,False,False,False,False,False,False,E,-1.1507925995884503,-0.5294789088445389,0.863334318412308,1.5449208220998838,4.329239762704047,73.18013037640503,96.2,False,False,False,False,False,True,False,1,-0.2,4,-3.1,2,-0.2,3,-1.8,12.911999702453613,-7.429999828338623,-7.491000175476074
134,S,False,False,False,False,False,False,False,False,False,False,False,False,False,False,False,True,False,False,False,False,S,-0.9573524891650784,-0.7964046642537583,0.6456728406460174,1.5831379683302547,0.0,0.5271155256917578,97.05,True,False,False,False,False,False,False,1,-0.3,4,-1.3,-3,-0.2,-7,-0.4,11.664999961853027,-8.82800006866455,-4.119999885559082
135,T,False,False,False,False,False,False,False,False,False,False,False,False,False,False,False,False,True,False,False,False,T,-1.396523967491898,0.13165204655969476,-0.0010075914681495792,1.8964907041061327,5.71994214865267,42.809939163776455,95.3,True,False,False,False,False,False,False,-4,-0.9,-64,-2.5,-3,-0.5,-1,-0.3,14.336000442504883,-6.686999797821045,-2.3580000400543213
136,K,False,False,False,False,False,False,False,False,True,False,False,False,False,False,False,False,False,False,False,False,K,-2.0560061320108294,-0.8029455645341956,-2.048067449299551,1.8496953443351205,9.444064191168334,90.87499247509191,96.32,True,False,False,False,False,False,False,-3,-1.8,-73,-0.3,-66,-0.2,-2,-0.2,13.215999603271484,-3.555999994277954,-4.360000133514404
137,T,False,False,False,False,False,False,False,False,False,False,False,False,False,False,False,False,True,False,False,False,T,-2.3458219527945765,0.00840251920254955,-1.5243845299730092,1.5490110320081767,1.2745848493958656,45.30784017614624,95.76,True,False,False,False,False,False,False,-4,-3.1,3,-1.5,-66,-0.1,-3,-0.2,9.38599967956543,-3.6579999923706055,-4.767000198364258
138,G,False,False,False,False,False,True,False,False,False,False,False,False,False,False,False,False,False,False,False,False,G,1.1813673420079411,0.21848802574033932,2.5984484853414114,1.507864703560963,0.13797241792857248,0.0,97.58,False,False,False,False,False,True,False,-4,-1.3,-13,-2.6,-5,-0.8,-4,-0.2,8.222000122070312,-6.860000133514404,-3.00600004196167
139,N,False,False,False,False,False,False,False,False,False,False,False,True,False,False,False,False,False,False,False,False,N,0.9644920528491309,0.42174025194258263,-2.6818089494446284,1.5972597227366923,13.432468554230633,37.86581298974678,97.08,False,False,False,False,False,True,False,-6,-0.6,-1,-0.3,-15,-0.2,-5,-0.1,6.922999858856201,-8.15999984741211,-6.4120001792907715
140,A,True,False,False,False,False,False,False,False,False,False,False,False,False,False,False,False,False,False,False,False,A,-1.195488862621845,-0.13855657377926534,0.17161404827401167,2.206882562700603,0.6268209497921411,0.38256942693751284,96.83,False,False,False,False,False,False,False,-3,-1.5,-18,-2.9,1,-0.2,-19,-0.4,3.622999906539917,-6.297999858856201,-5.586999893188477
141,G,False,False,False,False,False,True,False,False,False,False,False,False,False,False,False,False,False,False,False,False,G,1.296350524261224,-2.6292812935475927,-1.8782559184865313,2.21334540061102,42.292244076758955,0.0,96.22,False,False,False,False,False,False,False,-20,-0.2,-1,-0.2,-21,-0.1,-2,-0.1,2.947999954223633,-5.619999885559082,-9.336000442504883
142,S,False,False,False,False,False,False,False,False,False,False,False,False,False,False,False,True,False,False,False,False,S,-1.2062267643475393,2.8557851574028272,-3.128354439921289,1.9040628249606668,12.698198521437936,43.714634861152625,97.15,False,False,False,False,False,False,True,-22,-0.1,-21,-2.3,1,-0.1,2,-0.7,0.8989999890327454,-2.7269999980926514,-10.793999671936035
143,R,False,False,False,False,False,False,False,False,False,False,False,False,False,False,True,False,False,False,False,False,R,-1.679148011846193,1.8932871604265982,-0.10908302949245775,1.7259565983978764,29.01282776511717,52.748970835955944,98.37,False,False,True,False,False,False,False,-23,-0.2,-23,-0.2,1,-0.2,-86,-0.2,-0.4440000057220459,0.35100001096725464,-8.885000228881836
144,L,False,False,False,False,False,False,False,False,False,True,False,False,False,False,False,False,False,False,False,False,L,-1.383200586420139,-0.7439497827264951,3.072639227980156,2.4060119869554257,10.505834854801567,38.0865680725684,98.4,False,False,True,False,False,False,False,-25,-1.9,-132,-0.5,-2,-0.7,2,-0.3,-4.245999813079834,0.019999999552965164,-8.486000061035156
145,A,True,False,False,False,False,False,False,False,False,False,False,False,False,False,False,False,False,False,False,False,A,-2.6606424625524467,2.668785541637576,-3.092202477465288,2.5101215203990166,0.0,0.0,98.72,False,False,True,False,False,False,False,-26,-1.4,-26,-2.5,-135,-0.1,-1,-0.3,-4.932000160217285,3.2899999618530273,-6.629000186920166
146,C,False,True,False,False,False,False,False,False,False,False,False,False,False,False,False,False,False,False,False,False,C,-2.6245708800792693,2.911900943427451,-1.818607957790797,2.4593956048513004,4.187526019950857,3.0852277525574463,98.8,False,False,True,False,False,False,False,-137,-2.7,-137,-2.2,-2,-0.3,2,-0.3,-2.934000015258789,6.125,-5.09499979019165
147,G,False,False,False,False,False,True,False,False,False,False,False,False,False,False,False,False,False,False,False,False,G,-2.914389241147034,2.55109036089002,-2.1210518101743414,1.9655465608578746,2.8399088286723826,0.0,98.72,False,False,True,False,False,False,False,-30,-1.8,-30,-2.8,-2,-0.3,2,-0.3,-3.2239999771118164,9.505999565124512,-3.365000009536743
148,V,False,False,False,False,False,False,False,False,False,False,False,False,False,False,False,False,False,True,False,False,V,-1.249898754484614,2.341789964455372,-2.9721754805542036,1.853952340024408,19.966844591064387,43.19726629963933,98.79,False,False,True,False,False,False,False,-2,-0.3,2,-0.7,-32,-0.2,-141,-0.5,-1.0570000410079956,12.307999610900879,-1.975000023841858
149,I,False,False,False,False,False,False,False,True,False,False,False,False,False,False,False,False,False,False,False,False,I,-1.4021121731798223,1.9291857861664883,-1.621757392347808,2.3243408694557095,2.1782621128740334,0.0,98.92,False,False,False,False,False,False,False,-34,-3.1,-35,-3.1,-37,-0.3,-143,-0.2,-0.875,12.270000457763672,1.8589999675750732
150,G,False,False,False,False,False,True,False,False,False,False,False,False,False,False,False,False,False,False,False,False,G,-1.799114617290802,2.733247770309779,-2.6714290681169532,1.954761538842955,25.116640481053523,0.0,98.59,False,False,False,False,False,False,False,-145,-2.8,-145,-2.5,-2,-0.7,-37,-0.0,-2.190000057220459,15.6850004196167,3.0299999713897705
151,I,False,False,False,False,False,False,False,True,False,False,False,False,False,False,False,False,False,False,False,False,,0.0,0.0,0.0,0.0,0.0,0.0,0.0,False,False,False,False,False,False,False,0,0.0,0,0.0,0,0.0,0,0.0,0.0,0.0,0.0
152,A,True,False,False,False,False,False,False,False,False,False,False,False,False,False,False,False,False,False,False,False,,0.0,0.0,0.0,0.0,0.0,0.0,0.0,False,False,False,False,False,False,False,0,0.0,0,0.0,0,0.0,0,0.0,0.0,0.0,0.0
153,Q,False,False,False,False,False,False,False,False,False,False,False,False,False,True,False,False,False,False,False,False,,0.0,0.0,0.0,0.0,0.0,0.0,0.0,False,False,False,False,False,False,False,0,0.0,0,0.0,0,0.0,0,0.0,0.0,0.0,0.0
